run_id,run_note,tag,seed,timestamp_start,timestamp_end,duration_s,n_train_patients,n_val_patients,n_test_patients,n_train_slices,n_val_slices,n_test_slices,hgg_train,lgg_train,epochs_planned,epochs_actual,best_epoch,best_val_ap,best_val_f1,best_val_balanced_acc,best_val_precision,best_val_recall,best_val_threshold,best_model_path,topk,context_slices,out_hw,norm_mode,add_tumor_mask_channel,bbox_margin,min_bbox_size,epochs_cfg,lr,weight_decay,loss_type,amp,grad_clip,focal_gamma,max_lgg_weight,use_cosine,warmup_epochs,early_stop_patience,patient_agg,device,gpu_name,n_workers,data_fingerprint
run_20260324_063520_baseline,baseline — default hyperparameters,baseline,42,2026-03-24T06:35:20.158878,2026-03-24T06:36:16.800500,57.51,345,75,75,9945,2156,2170,306,39,15,10.0,5.0,0.7833672500339168,0.75,0.9545454545454546,0.6,1.0,0.3071612417697906,/content/Reports/best_models/run_20260324_063520_baseline.pt,24,2,"(256, 256)",robust_z,False,24,32,15,0.0003,0.0001,weighted_ce,True,1.0,2.0,8.0,True,1,5,mean,cuda,NVIDIA GeForce RTX 5070 Ti,8,2f0dce88c4a8
run_20260324_065202_baseline-lr1e-4,baseline —  low lr,baseline-lr1e-4,42,2026-03-24T06:52:02.024260,2026-03-24T06:52:35.531247,33.71,345,75,75,9945,2156,2170,306,39,15,8.0,3.0,0.8433723196881093,0.75,0.8257575757575757,0.8571428571428571,0.6666666666666666,0.4792399406433105,/content/Reports/best_models/run_20260324_065202_baseline-lr1e-4.pt,24,2,"(256, 256)",robust_z,False,24,32,15,0.0001,0.0001,weighted_ce,True,1.0,2.0,8.0,True,1,5,mean,cuda,NVIDIA GeForce RTX 5070 Ti,8,2f0dce88c4a8
run_20260324_072345_no-early-stop,no early stop with 20 epochs,no-early-stop,42,2026-03-24T07:23:45.759190,2026-03-24T07:26:54.700577,193.02,345,75,75,9945,2156,2170,306,39,20,20.0,3.0,0.8047836221749267,0.6956521739130435,0.898989898989899,0.5714285714285714,0.8888888888888888,0.3561181128025055,/content/Reports/best_models/run_20260324_072345_no-early-stop.pt,24,2,"(256, 256)",robust_z,False,24,32,20,0.0001,0.0001,weighted_ce,True,1.0,2.0,8.0,True,1,999,mean,cuda,NVIDIA GeForce RTX 5070 Ti,8,2f0dce88c4a8
run_20260324_080653_no-early-stop,no early stop with 20 epochs,no-early-stop,42,2026-03-24T08:06:53.162363,2026-03-24T08:14:28.942466,467.56,345,75,75,9945,2156,2170,306,39,20,20.0,3.0,0.8361952861952864,0.7272727272727273,0.9065656565656566,0.6153846153846154,0.8888888888888888,0.4309543669223785,/content/Reports/best_models/run_20260324_080653_no-early-stop.pt,24,2,"(256, 256)",robust_z,False,24,32,20,0.0003,0.0001,weighted_ce,True,1.0,2.0,8.0,True,1,999,mean,cuda,NVIDIA GeForce RTX 5070 Ti,8,2f0dce88c4a8
run_20260324_082102_no-stop,no stop high lr,no-stop,42,2026-03-24T08:21:02.777676,2026-03-24T08:23:30.517655,151.24,345,75,75,9945,2156,2170,306,39,20,20.0,14.0,0.8434925698083593,0.7619047619047619,0.914141414141414,0.6666666666666666,0.8888888888888888,0.7045745849609375,/content/Reports/best_models/run_20260324_082102_no-stop.pt,24,2,"(256, 256)",robust_z,False,24,32,20,0.03,0.0001,weighted_ce,True,1.0,2.0,8.0,True,1,999,mean,cuda,NVIDIA GeForce RTX 5070 Ti,8,2f0dce88c4a8
run_20260324_084811_mask,with mask,mask,42,2026-03-24T08:48:11.258087,2026-03-24T09:16:30.295576,1745.5,345,75,75,9945,2156,2170,306,39,20,9.0,4.0,0.9115961199294532,0.8421052631578947,0.9292929292929292,0.8,0.8888888888888888,0.7365718483924866,/content/Reports/best_models/run_20260324_084811_mask.pt,24,2,"(256, 256)",robust_z,True,24,32,20,0.03,0.0001,weighted_ce,True,1.0,2.0,8.0,True,1,5,mean,cuda,NVIDIA GeForce RTX 5070 Ti,8,2f0dce88c4a8
run_20260324_093348_224-mask,224x224 with mask,224+mask,42,2026-03-24T09:33:48.775815,2026-03-24T09:56:01.405255,1369.91,345,75,75,9945,2156,2170,306,39,20,8.0,3.0,0.9467813051146384,0.9,0.9848484848484848,0.8181818181818182,1.0,0.8945005536079407,/content/Reports/best_models/run_20260324_093348_224-mask.pt,24,2,"(224, 224)",robust_z,True,24,32,20,0.03,0.0001,weighted_ce,True,1.0,2.0,8.0,True,1,5,mean,cuda,NVIDIA GeForce RTX 5070 Ti,8,2f0dce88c4a8
run_20260324_192126_top32k,224x224 with top32k,top32k,42,2026-03-24T19:21:26.222062,2026-03-24T19:22:05.062515,40.57,345,75,75,12732,2773,2773,306,39,20,8.0,3.0,0.3459744305943136,0.4375,0.7676767676767677,0.3043478260869565,0.7777777777777778,0.794665515422821,/content/Reports/best_models/run_20260324_192126_top32k.pt,32,2,"(224, 224)",robust_z,False,24,32,20,0.03,0.0001,weighted_ce,True,1.0,2.0,8.0,True,1,5,mean,cuda,NVIDIA GeForce RTX 5070 Ti,8,2f0dce88c4a8
run_20260324_195541_top32k,top32k,top32k,42,2026-03-24T19:55:41.898829,2026-03-24T20:21:23.401011,1603.82,345,75,75,12732,2773,2773,306,39,20,16.0,11.0,0.9888888888888888,0.9,0.9848484848484848,0.8181818181818182,1.0,0.9421839118003844,/content/Reports/best_models/run_20260324_195541_top32k.pt,32,2,"(256, 256)",robust_z,False,24,32,20,0.03,0.0001,weighted_ce,True,1.0,2.0,8.0,True,1,5,mean,cuda,NVIDIA GeForce RTX 5070 Ti,8,2f0dce88c4a8
run_20260324_205123_top32k,top32k focal,top32k,42,2026-03-24T20:51:23.479998,2026-03-24T21:32:35.321747,2574.79,345,75,75,12732,2773,2773,306,39,20,16.0,11.0,0.8969496552829888,0.8571428571428571,0.9772727272727272,0.75,1.0,0.681505024433136,/content/Reports/best_models/run_20260324_205123_top32k.pt,32,2,"(224, 224)",robust_z,True,24,32,20,0.003,0.0001,focal,True,1.0,2.0,8.0,True,1,5,mean,cuda,NVIDIA GeForce RTX 5070 Ti,8,2f0dce88c4a8
run_20260327_220530,topk16 robust_z 1e-02,,42,2026-03-27T22:05:30.462866,2026-03-27T22:06:25.572571,56.99,395,50,50,8260,1032,1053,351,44,20,20.0,12.0,0.5263528138528139,0.5714285714285714,0.8977272727272727,0.4,1.0,0.9201412200927734,/content/Reports/best_models/run_20260327_220530.pt,16,2,"(256, 256)",robust_z,False,24,32,20,0.01,0.0001,weighted_ce,True,1.0,2.0,8.0,True,1,10,mean,cuda,NVIDIA GeForce RTX 5070 Ti,8,2f0dce88c4a8
run_20260327_220626,topk16 robust_z 1e-04,,42,2026-03-27T22:06:26.419115,2026-03-27T22:07:06.595695,40.85,395,50,50,8260,1032,1053,351,44,20,14.0,4.0,0.4244152046783626,0.4705882352941176,0.7537878787878788,0.3636363636363636,0.6666666666666666,0.24600650370121,/content/Reports/best_models/run_20260327_220626.pt,16,2,"(256, 256)",robust_z,False,24,32,20,0.0001,0.0001,weighted_ce,True,1.0,2.0,8.0,True,1,10,mean,cuda,NVIDIA GeForce RTX 5070 Ti,8,2f0dce88c4a8
run_20260327_220707,topk16 robust_z 3e-02,,42,2026-03-27T22:07:07.438573,2026-03-27T22:07:47.464036,41.81,395,50,50,8260,1032,1053,351,44,20,15.0,5.0,0.5244949494949495,0.5454545454545454,0.8863636363636364,0.375,1.0,0.4265786111354828,/content/Reports/best_models/run_20260327_220707.pt,16,2,"(256, 256)",robust_z,False,24,32,20,0.03,0.0001,weighted_ce,True,1.0,2.0,8.0,True,1,10,mean,cuda,NVIDIA GeForce RTX 5070 Ti,8,2f0dce88c4a8
run_20260327_220748,topk16 robust_z 3e-04,,42,2026-03-27T22:07:48.374322,2026-03-27T22:08:21.073324,33.34,395,50,50,8260,1032,1053,351,44,20,12.0,2.0,0.4496947496947497,0.4761904761904761,0.803030303030303,0.3333333333333333,0.8333333333333334,0.366428941488266,/content/Reports/best_models/run_20260327_220748.pt,16,2,"(256, 256)",robust_z,False,24,32,20,0.0003,0.0001,weighted_ce,True,1.0,2.0,8.0,True,1,10,mean,cuda,NVIDIA GeForce RTX 5070 Ti,8,2f0dce88c4a8
run_20260327_220821,topk16 robust_z 5e-02,,42,2026-03-27T22:08:21.899309,,,395,50,50,8260,1032,1053,351,44,20,,,,,,,,,,16,2,"(256, 256)",robust_z,False,24,32,20,0.05,0.0001,weighted_ce,True,1.0,2.0,8.0,True,1,10,mean,cuda,NVIDIA GeForce RTX 5070 Ti,8,2f0dce88c4a8
run_20260327_221231,topk16 robust_z 5e-02,,42,2026-03-27T22:12:31.986620,2026-03-27T22:13:17.211270,45.88,395,50,50,8260,1032,1053,351,44,20,15.0,5.0,0.1976479076479076,0.2222222222222222,0.5606060606060607,0.3333333333333333,0.1666666666666666,0.9167293906211852,/content/Reports/best_models/run_20260327_221231.pt,16,2,"(256, 256)",robust_z,False,24,32,20,0.05,0.0001,weighted_ce,True,1.0,2.0,8.0,True,1,10,mean,cuda,NVIDIA GeForce RTX 5070 Ti,8,2f0dce88c4a8
run_20260327_221318,topk16 robust_z 5e-04,,42,2026-03-27T22:13:18.102766,2026-03-27T22:13:56.252858,40.02,395,50,50,8260,1032,1053,351,44,20,13.0,3.0,0.4604229104229104,0.5714285714285714,0.8977272727272727,0.4,1.0,0.3280213177204132,/content/Reports/best_models/run_20260327_221318.pt,16,2,"(256, 256)",robust_z,False,24,32,20,0.0005,0.0001,weighted_ce,True,1.0,2.0,8.0,True,1,10,mean,cuda,NVIDIA GeForce RTX 5070 Ti,8,2f0dce88c4a8
run_20260327_221601,topk16 robust_z tumor 1e-02,,42,2026-03-27T22:16:01.394690,2026-03-27T22:16:43.206912,42.54,395,50,50,8260,1032,1053,351,44,20,14.0,4.0,0.5980311355311355,0.5714285714285714,0.8977272727272727,0.4,1.0,0.646109402179718,/content/Reports/best_models/run_20260327_221601.pt,16,2,"(256, 256)",robust_z,True,24,32,20,0.01,0.0001,weighted_ce,True,1.0,2.0,8.0,True,1,10,mean,cuda,NVIDIA GeForce RTX 5070 Ti,8,2f0dce88c4a8
run_20260327_221644,topk16 robust_z tumor 1e-04,,42,2026-03-27T22:16:44.130928,2026-03-27T22:17:42.747489,60.46,395,50,50,8260,1032,1053,351,44,20,20.0,12.0,0.5127136752136753,0.5454545454545454,0.7272727272727273,0.6,0.5,0.950560450553894,/content/Reports/best_models/run_20260327_221644.pt,16,2,"(256, 256)",robust_z,True,24,32,20,0.0001,0.0001,weighted_ce,True,1.0,2.0,8.0,True,1,10,mean,cuda,NVIDIA GeForce RTX 5070 Ti,8,2f0dce88c4a8
run_20260327_221742,topk16 robust_z tumor 3e-02,,42,2026-03-27T22:17:42.462666,2026-03-27T22:18:42.549614,61.92,395,50,50,8260,1032,1053,351,44,20,20.0,17.0,0.5077533577533577,0.5714285714285714,0.8977272727272727,0.4,1.0,0.4132540822029114,/content/Reports/best_models/run_20260327_221742.pt,16,2,"(256, 256)",robust_z,True,24,32,20,0.03,0.0001,weighted_ce,True,1.0,2.0,8.0,True,1,10,mean,cuda,NVIDIA GeForce RTX 5070 Ti,8,2f0dce88c4a8
run_20260327_221843,topk16 robust_z tumor 3e-04,,42,2026-03-27T22:18:43.487331,2026-03-27T22:19:23.359181,40.49,395,50,50,8260,1032,1053,351,44,20,13.0,3.0,0.3830267558528428,0.375,0.6704545454545454,0.3,0.5,0.3802894353866577,/content/Reports/best_models/run_20260327_221843.pt,16,2,"(256, 256)",robust_z,True,24,32,20,0.0003,0.0001,weighted_ce,True,1.0,2.0,8.0,True,1,10,mean,cuda,NVIDIA GeForce RTX 5070 Ti,8,2f0dce88c4a8
run_20260327_221924,topk16 robust_z tumor 5e-02,,42,2026-03-27T22:19:24.301198,2026-03-27T22:20:03.960502,40.33,395,50,50,8260,1032,1053,351,44,20,13.0,3.0,0.5634920634920635,0.5454545454545454,0.7272727272727273,0.6,0.5,0.9798623323440552,/content/Reports/best_models/run_20260327_221924.pt,16,2,"(256, 256)",robust_z,True,24,32,20,0.05,0.0001,weighted_ce,True,1.0,2.0,8.0,True,1,10,mean,cuda,NVIDIA GeForce RTX 5070 Ti,8,2f0dce88c4a8
run_20260327_222004,topk16 robust_z tumor 5e-04,,42,2026-03-27T22:20:04.889364,2026-03-27T22:20:46.862596,43.83,395,50,50,8260,1032,1053,351,44,20,14.0,4.0,0.6268518518518518,0.5454545454545454,0.8863636363636364,0.375,1.0,0.2563020884990692,/content/Reports/best_models/run_20260327_222004.pt,16,2,"(256, 256)",robust_z,True,24,32,20,0.0005,0.0001,weighted_ce,True,1.0,2.0,8.0,True,1,10,mean,cuda,NVIDIA GeForce RTX 5070 Ti,8,2f0dce88c4a8
run_20260327_222242,topk16 pct01 1e-02,,42,2026-03-27T22:22:42.992107,2026-03-27T22:23:45.377800,64.28,395,50,50,8260,1032,1053,351,44,20,20.0,12.0,0.5155816405816406,0.5,0.8143939393939394,0.3571428571428571,0.8333333333333334,0.4180062413215637,/content/Reports/best_models/run_20260327_222242.pt,16,2,"(256, 256)",pct01,False,24,32,20,0.01,0.0001,weighted_ce,True,1.0,2.0,8.0,True,1,10,mean,cuda,NVIDIA GeForce RTX 5070 Ti,8,2f0dce88c4a8
run_20260327_222346,topk16 pct01 1e-04,,42,2026-03-27T22:23:46.488892,2026-03-27T22:24:36.102028,51.48,395,50,50,8260,1032,1053,351,44,20,16.0,6.0,0.3478835978835978,0.4615384615384615,0.7045454545454546,0.4285714285714285,0.5,0.6081114411354065,/content/Reports/best_models/run_20260327_222346.pt,16,2,"(256, 256)",pct01,False,24,32,20,0.0001,0.0001,weighted_ce,True,1.0,2.0,8.0,True,1,10,mean,cuda,NVIDIA GeForce RTX 5070 Ti,8,2f0dce88c4a8
run_20260327_222437,topk16 pct01 3e-02,,42,2026-03-27T22:24:37.185344,2026-03-27T22:25:11.978545,35.44,395,50,50,8260,1032,1053,351,44,20,11.0,1.0,0.3380106364946181,0.5,0.7651515151515151,0.4,0.6666666666666666,0.8288500308990479,/content/Reports/best_models/run_20260327_222437.pt,16,2,"(256, 256)",pct01,False,24,32,20,0.03,0.0001,weighted_ce,True,1.0,2.0,8.0,True,1,10,mean,cuda,NVIDIA GeForce RTX 5070 Ti,8,2f0dce88c4a8
run_20260327_222513,topk16 pct01 3e-04,,42,2026-03-27T22:25:13.070556,2026-03-27T22:26:04.088762,52.89,395,50,50,8260,1032,1053,351,44,20,16.0,6.0,0.375949975949976,0.4615384615384615,0.7045454545454546,0.4285714285714285,0.5,0.5290840864181519,/content/Reports/best_models/run_20260327_222513.pt,16,2,"(256, 256)",pct01,False,24,32,20,0.0003,0.0001,weighted_ce,True,1.0,2.0,8.0,True,1,10,mean,cuda,NVIDIA GeForce RTX 5070 Ti,8,2f0dce88c4a8
run_20260327_222605,topk16 pct01 5e-02,,42,2026-03-27T22:26:05.217178,2026-03-27T22:26:44.012622,39.47,395,50,50,8260,1032,1053,351,44,20,12.0,2.0,0.54993894993895,0.6,0.9090909090909092,0.4285714285714285,1.0,0.027779035270214,/content/Reports/best_models/run_20260327_222605.pt,16,2,"(256, 256)",pct01,False,24,32,20,0.05,0.0001,weighted_ce,True,1.0,2.0,8.0,True,1,10,mean,cuda,NVIDIA GeForce RTX 5070 Ti,8,2f0dce88c4a8
run_20260327_222645,topk16 pct01 5e-04,,42,2026-03-27T22:26:45.106910,2026-03-27T22:27:41.648215,58.43,395,50,50,8260,1032,1053,351,44,20,18.0,8.0,0.417550505050505,0.5217391304347826,0.875,0.3529411764705882,1.0,0.0013401568867266,/content/Reports/best_models/run_20260327_222645.pt,16,2,"(256, 256)",pct01,False,24,32,20,0.0005,0.0001,weighted_ce,True,1.0,2.0,8.0,True,1,10,mean,cuda,NVIDIA GeForce RTX 5070 Ti,8,2f0dce88c4a8
run_20260327_222935,topk16 pct01 tumor 1e-02,,42,2026-03-27T22:29:35.962250,2026-03-27T22:30:39.257947,66.42,395,50,50,8260,1032,1053,351,44,20,20.0,15.0,0.5239149739149739,0.5714285714285714,0.8977272727272727,0.4,1.0,0.5165494084358215,/content/Reports/best_models/run_20260327_222935.pt,16,2,"(256, 256)",pct01,True,24,32,20,0.01,0.0001,weighted_ce,True,1.0,2.0,8.0,True,1,10,mean,cuda,NVIDIA GeForce RTX 5070 Ti,8,2f0dce88c4a8
run_20260327_223040,topk16 pct01 tumor 1e-04,,42,2026-03-27T22:30:40.399908,2026-03-27T22:31:26.470342,46.74,395,50,50,8260,1032,1053,351,44,20,14.0,4.0,0.3929473304473304,0.5217391304347826,0.875,0.3529411764705882,1.0,0.0126563673838973,/content/Reports/best_models/run_20260327_223040.pt,16,2,"(256, 256)",pct01,True,24,32,20,0.0001,0.0001,weighted_ce,True,1.0,2.0,8.0,True,1,10,mean,cuda,NVIDIA GeForce RTX 5070 Ti,8,2f0dce88c4a8
run_20260327_223127,topk16 pct01 tumor 3e-02,,42,2026-03-27T22:31:27.599550,2026-03-27T22:32:31.406695,65.7,395,50,50,8260,1032,1053,351,44,20,20.0,11.0,0.5526806526806527,0.6,0.9090909090909092,0.4285714285714285,1.0,0.3752572536468506,/content/Reports/best_models/run_20260327_223127.pt,16,2,"(256, 256)",pct01,True,24,32,20,0.03,0.0001,weighted_ce,True,1.0,2.0,8.0,True,1,10,mean,cuda,NVIDIA GeForce RTX 5070 Ti,8,2f0dce88c4a8
run_20260327_223232,topk16 pct01 tumor 3e-04,,42,2026-03-27T22:32:32.536060,2026-03-27T22:33:13.329325,42.69,395,50,50,8260,1032,1053,351,44,20,13.0,3.0,0.9444444444444444,0.8333333333333334,0.9053030303030304,0.8333333333333334,0.8333333333333334,0.9988630414009094,/content/Reports/best_models/run_20260327_223232.pt,16,2,"(256, 256)",pct01,True,24,32,20,0.0003,0.0001,weighted_ce,True,1.0,2.0,8.0,True,1,10,mean,cuda,NVIDIA GeForce RTX 5070 Ti,8,2f0dce88c4a8
run_20260327_223314,topk16 pct01 tumor 5e-02,,42,2026-03-27T22:33:14.457777,2026-03-27T22:34:19.600170,67.03,395,50,50,8260,1032,1053,351,44,20,20.0,18.0,0.4261434837092732,0.4615384615384615,0.8409090909090908,0.3,1.0,0.29691281914711,/content/Reports/best_models/run_20260327_223314.pt,16,2,"(256, 256)",pct01,True,24,32,20,0.05,0.0001,weighted_ce,True,1.0,2.0,8.0,True,1,10,mean,cuda,NVIDIA GeForce RTX 5070 Ti,8,2f0dce88c4a8
run_20260327_223420,topk16 pct01 tumor 5e-04,,42,2026-03-27T22:34:20.767823,2026-03-27T22:35:09.528029,50.63,395,50,50,8260,1032,1053,351,44,20,15.0,5.0,0.6305916305916306,0.6666666666666666,0.931818181818182,0.5,1.0,0.9583461284637452,/content/Reports/best_models/run_20260327_223420.pt,16,2,"(256, 256)",pct01,True,24,32,20,0.0005,0.0001,weighted_ce,True,1.0,2.0,8.0,True,1,10,mean,cuda,NVIDIA GeForce RTX 5070 Ti,8,2f0dce88c4a8
run_20260327_223716,topk24 robust_z 1e-02,,42,2026-03-27T22:37:16.692703,2026-03-27T22:38:28.851688,75.31,395,50,50,11381,1438,1452,351,44,20,20.0,12.0,0.5670325045325045,0.6,0.9090909090909092,0.4285714285714285,1.0,0.8221136927604675,/content/Reports/best_models/run_20260327_223716.pt,24,2,"(256, 256)",robust_z,False,24,32,20,0.01,0.0001,weighted_ce,True,1.0,2.0,8.0,True,1,10,mean,cuda,NVIDIA GeForce RTX 5070 Ti,8,2f0dce88c4a8
run_20260327_223830,topk24 robust_z 1e-04,,42,2026-03-27T22:38:30.395800,2026-03-27T22:39:21.702075,53.17,395,50,50,11381,1438,1452,351,44,20,14.0,4.0,0.3856060606060605,0.5263157894736842,0.8257575757575758,0.3846153846153846,0.8333333333333334,0.3805706799030304,/content/Reports/best_models/run_20260327_223830.pt,24,2,"(256, 256)",robust_z,False,24,32,20,0.0001,0.0001,weighted_ce,True,1.0,2.0,8.0,True,1,10,mean,cuda,NVIDIA GeForce RTX 5070 Ti,8,2f0dce88c4a8
run_20260327_223923,topk24 robust_z 3e-02,,42,2026-03-27T22:39:23.392078,2026-03-27T22:40:35.773060,74.3,395,50,50,11381,1438,1452,351,44,20,20.0,16.0,0.3601481851481851,0.6,0.9090909090909092,0.4285714285714285,1.0,0.70854252576828,/content/Reports/best_models/run_20260327_223923.pt,24,2,"(256, 256)",robust_z,False,24,32,20,0.03,0.0001,weighted_ce,True,1.0,2.0,8.0,True,1,10,mean,cuda,NVIDIA GeForce RTX 5070 Ti,8,2f0dce88c4a8
run_20260327_224037,topk24 robust_z 3e-04,,42,2026-03-27T22:40:37.292831,2026-03-27T22:41:27.709048,52.3,395,50,50,11381,1438,1452,351,44,20,14.0,4.0,0.466468253968254,0.5217391304347826,0.875,0.3529411764705882,1.0,0.1660032123327255,/content/Reports/best_models/run_20260327_224037.pt,24,2,"(256, 256)",robust_z,False,24,32,20,0.0003,0.0001,weighted_ce,True,1.0,2.0,8.0,True,1,10,mean,cuda,NVIDIA GeForce RTX 5070 Ti,8,2f0dce88c4a8
run_20260327_224129,topk24 robust_z 5e-02,,42,2026-03-27T22:41:29.234068,2026-03-27T22:42:12.548189,45.22,395,50,50,11381,1438,1452,351,44,20,12.0,2.0,0.2137217457339408,0.2857142857142857,0.6136363636363636,0.2,0.5,0.9043437242507936,/content/Reports/best_models/run_20260327_224129.pt,24,2,"(256, 256)",robust_z,False,24,32,20,0.05,0.0001,weighted_ce,True,1.0,2.0,8.0,True,1,10,mean,cuda,NVIDIA GeForce RTX 5070 Ti,8,2f0dce88c4a8
run_20260327_224214,topk24 robust_z 5e-04,,42,2026-03-27T22:42:14.064892,2026-03-27T22:43:06.109322,52.74,395,50,50,11381,1438,1452,351,44,20,14.0,4.0,0.6551587301587302,0.7142857142857143,0.8825757575757576,0.625,0.8333333333333334,0.897362470626831,/content/Reports/best_models/run_20260327_224214.pt,24,2,"(256, 256)",robust_z,False,24,32,20,0.0005,0.0001,weighted_ce,True,1.0,2.0,8.0,True,1,10,mean,cuda,NVIDIA GeForce RTX 5070 Ti,8,2f0dce88c4a8
run_20260327_224507,topk24 pct01 1e-02,,42,2026-03-27T22:45:07.951036,2026-03-27T22:46:08.528660,62.5,395,50,50,11381,1438,1452,351,44,20,17.0,7.0,0.5455222473604826,0.5,0.8636363636363636,0.3333333333333333,1.0,0.6373261213302612,/content/Reports/best_models/run_20260327_224507.pt,24,2,"(256, 256)",pct01,False,24,32,20,0.01,0.0001,weighted_ce,True,1.0,2.0,8.0,True,1,10,mean,cuda,NVIDIA GeForce RTX 5070 Ti,8,2f0dce88c4a8
run_20260327_224610,topk24 pct01 1e-04,,42,2026-03-27T22:46:10.040625,2026-03-27T22:47:14.003173,65.87,395,50,50,11381,1438,1452,351,44,20,18.0,8.0,0.4355816597195907,0.4285714285714285,0.6931818181818181,0.375,0.5,0.6350840330123901,/content/Reports/best_models/run_20260327_224610.pt,24,2,"(256, 256)",pct01,False,24,32,20,0.0001,0.0001,weighted_ce,True,1.0,2.0,8.0,True,1,10,mean,cuda,NVIDIA GeForce RTX 5070 Ti,8,2f0dce88c4a8
run_20260327_224715,topk24 pct01 3e-02,,42,2026-03-27T22:47:15.504833,2026-03-27T22:47:59.189096,45.58,395,50,50,11381,1438,1452,351,44,20,12.0,2.0,0.9055555555555554,0.7692307692307693,0.893939393939394,0.7142857142857143,0.8333333333333334,0.4408655166625976,/content/Reports/best_models/run_20260327_224715.pt,24,2,"(256, 256)",pct01,False,24,32,20,0.03,0.0001,weighted_ce,True,1.0,2.0,8.0,True,1,10,mean,cuda,NVIDIA GeForce RTX 5070 Ti,8,2f0dce88c4a8
run_20260327_224800,topk24 pct01 3e-04,,42,2026-03-27T22:48:00.710841,2026-03-27T22:49:02.413882,63.61,395,50,50,11381,1438,1452,351,44,20,17.0,7.0,0.4178456406717276,0.5,0.7651515151515151,0.4,0.6666666666666666,0.6111699342727661,/content/Reports/best_models/run_20260327_224800.pt,24,2,"(256, 256)",pct01,False,24,32,20,0.0003,0.0001,weighted_ce,True,1.0,2.0,8.0,True,1,10,mean,cuda,NVIDIA GeForce RTX 5070 Ti,8,2f0dce88c4a8
run_20260327_224903,topk24 pct01 5e-02,,42,2026-03-27T22:49:03.937466,2026-03-27T22:49:45.091584,41.81,395,50,50,11381,1438,1452,351,44,20,11.0,1.0,0.6802398989898989,0.6,0.7386363636363636,0.75,0.5,0.9876441955566406,/content/Reports/best_models/run_20260327_224903.pt,24,2,"(256, 256)",pct01,False,24,32,20,0.05,0.0001,weighted_ce,True,1.0,2.0,8.0,True,1,10,mean,cuda,NVIDIA GeForce RTX 5070 Ti,8,2f0dce88c4a8
run_20260327_224946,topk24 pct01 5e-04,,42,2026-03-27T22:49:46.610175,2026-03-27T22:50:49.944256,66.42,395,50,50,11381,1438,1452,351,44,20,18.0,8.0,0.6236263736263735,0.5714285714285714,0.7878787878787878,0.5,0.6666666666666666,0.6759116053581238,/content/Reports/best_models/run_20260327_224946.pt,24,2,"(256, 256)",pct01,False,24,32,20,0.0005,0.0001,weighted_ce,True,1.0,2.0,8.0,True,1,10,mean,cuda,NVIDIA GeForce RTX 5070 Ti,8,2f0dce88c4a8
run_20260327_225312,topk32 robust_z 1e-02,,42,2026-03-27T22:53:12.717260,2026-03-27T22:54:33.111291,82.34,395,50,50,14560,1860,1858,351,44,20,20.0,18.0,0.344298245614035,0.4615384615384615,0.8409090909090908,0.3,1.0,0.5009496808052063,/content/Reports/best_models/run_20260327_225312.pt,32,2,"(256, 256)",robust_z,False,24,32,20,0.01,0.0001,weighted_ce,True,1.0,2.0,8.0,True,1,10,mean,cuda,NVIDIA GeForce RTX 5070 Ti,8,2f0dce88c4a8
run_20260327_225435,topk32 robust_z 1e-04,,42,2026-03-27T22:54:35.051115,2026-03-27T22:55:35.191640,62.04,395,50,50,14560,1860,1858,351,44,20,15.0,5.0,0.4320985172378361,0.4615384615384615,0.8409090909090908,0.3,1.0,0.200181245803833,/content/Reports/best_models/run_20260327_225435.pt,32,2,"(256, 256)",robust_z,False,24,32,20,0.0001,0.0001,weighted_ce,True,1.0,2.0,8.0,True,1,10,mean,cuda,NVIDIA GeForce RTX 5070 Ti,8,2f0dce88c4a8
run_20260327_225535,topk32 robust_z 3e-02,,42,2026-03-27T22:55:35.865321,2026-03-27T22:56:39.825996,65.86,395,50,50,14560,1860,1858,351,44,20,16.0,6.0,0.2053703703703703,0.25,0.5757575757575758,0.2,0.3333333333333333,0.9494563937187196,/content/Reports/best_models/run_20260327_225535.pt,32,2,"(256, 256)",robust_z,False,24,32,20,0.03,0.0001,weighted_ce,True,1.0,2.0,8.0,True,1,10,mean,cuda,NVIDIA GeForce RTX 5070 Ti,8,2f0dce88c4a8
run_20260327_225641,topk32 robust_z 3e-04,,42,2026-03-27T22:56:41.801128,2026-03-27T22:58:03.364276,84.73,395,50,50,14560,1860,1858,351,44,20,20.0,11.0,0.378264851090938,0.3870967741935484,0.7840909090909092,0.24,1.0,0.0185779556632041,/content/Reports/best_models/run_20260327_225641.pt,32,2,"(256, 256)",robust_z,False,24,32,20,0.0003,0.0001,weighted_ce,True,1.0,2.0,8.0,True,1,10,mean,cuda,NVIDIA GeForce RTX 5070 Ti,8,2f0dce88c4a8
run_20260327_225805,topk32 robust_z 5e-02,,42,2026-03-27T22:58:05.335167,2026-03-27T22:58:56.465156,51.82,395,50,50,14560,1860,1858,351,44,20,12.0,2.0,0.3377777777777778,0.4615384615384615,0.7045454545454546,0.4285714285714285,0.5,0.302202969789505,/content/Reports/best_models/run_20260327_225805.pt,32,2,"(256, 256)",robust_z,False,24,32,20,0.05,0.0001,weighted_ce,True,1.0,2.0,8.0,True,1,10,mean,cuda,NVIDIA GeForce RTX 5070 Ti,8,2f0dce88c4a8
run_20260327_225857,topk32 robust_z 5e-04,,42,2026-03-27T22:58:57.221815,2026-03-27T23:00:16.089008,80.79,395,50,50,14560,1860,1858,351,44,20,19.0,9.0,0.5178872053872053,0.631578947368421,0.9204545454545454,0.4615384615384615,1.0,0.4988544881343841,/content/Reports/best_models/run_20260327_225857.pt,32,2,"(256, 256)",robust_z,False,24,32,20,0.0005,0.0001,weighted_ce,True,1.0,2.0,8.0,True,1,10,mean,cuda,NVIDIA GeForce RTX 5070 Ti,8,2f0dce88c4a8
run_20260327_230238,topk32 pct01 1e-02,,42,2026-03-27T23:02:38.868030,2026-03-27T23:33:05.365465,1905.1,395,50,50,14560,1860,1858,351,44,20,18.0,8.0,0.5478174603174603,0.5714285714285714,0.8977272727272727,0.4,1.0,0.6920154690742493,/content/Reports/best_models/run_20260327_230238.pt,32,2,"(256, 256)",pct01,False,24,32,20,0.01,0.0001,weighted_ce,True,1.0,2.0,8.0,True,1,10,mean,cuda,NVIDIA GeForce RTX 5070 Ti,8,2f0dce88c4a8
run_20260327_233320,topk32 pct01 1e-04,,42,2026-03-27T23:33:20.094767,,,395,50,50,14560,1860,1858,351,44,20,,,,,,,,,,32,2,"(256, 256)",pct01,False,24,32,20,0.0001,0.0001,weighted_ce,True,1.0,2.0,8.0,True,1,10,mean,cuda,NVIDIA GeForce RTX 5070 Ti,8,2f0dce88c4a8
run_20260327_235011,topk32 pct01 1e-04,,42,2026-03-27T23:50:11.094792,2026-03-28T00:30:51.556196,2547.4,395,50,50,14560,1860,1858,351,44,20,13.0,3.0,0.6545893719806762,0.5454545454545454,0.7272727272727273,0.6,0.5,0.8249905705451965,/content/Reports/best_models/run_20260327_235011.pt,32,2,"(256, 256)",pct01,False,24,32,20,0.0001,0.0001,weighted_ce,True,1.0,2.0,8.0,True,1,10,mean,cuda,NVIDIA GeForce RTX 5070 Ti,8,2f0dce88c4a8
run_20260328_003327,topk32 pct01 3e-02,,42,2026-03-28T00:33:27.560960,2026-03-28T01:23:13.715836,3120.34,395,50,50,14560,1860,1858,351,44,20,20.0,18.0,0.4739010989010989,0.4761904761904761,0.803030303030303,0.3333333333333333,0.8333333333333334,0.6083984375,/content/Reports/best_models/run_20260328_003327.pt,32,2,"(256, 256)",pct01,False,24,32,20,0.03,0.0001,weighted_ce,True,1.0,2.0,8.0,True,1,10,mean,cuda,NVIDIA GeForce RTX 5070 Ti,8,2f0dce88c4a8
run_20260328_012405,topk32 pct01 3e-04,,42,2026-03-28T01:24:05.862897,2026-03-28T01:45:33.611518,1344.42,395,50,50,14560,1860,1858,351,44,20,15.0,5.0,0.6009120022277916,0.5263157894736842,0.8257575757575758,0.3846153846153846,0.8333333333333334,0.3361213803291321,/content/Reports/best_models/run_20260328_012405.pt,32,2,"(256, 256)",pct01,False,24,32,20,0.0003,0.0001,weighted_ce,True,1.0,2.0,8.0,True,1,10,mean,cuda,NVIDIA GeForce RTX 5070 Ti,8,2f0dce88c4a8
run_20260328_014601,topk32 pct01 5e-02,,42,2026-03-28T01:46:01.074896,2026-03-28T02:14:47.888935,1805.13,395,50,50,14560,1860,1858,351,44,20,12.0,2.0,0.3675194931773879,0.4,0.6818181818181819,0.3333333333333333,0.5,0.9995357394218444,/content/Reports/best_models/run_20260328_014601.pt,32,2,"(256, 256)",pct01,False,24,32,20,0.05,0.0001,weighted_ce,True,1.0,2.0,8.0,True,1,10,mean,cuda,NVIDIA GeForce RTX 5070 Ti,8,2f0dce88c4a8
run_20260328_021550,topk32 pct01 5e-04,,42,2026-03-28T02:15:50.865124,2026-03-28T03:02:12.735049,2908.63,395,50,50,14560,1860,1858,351,44,20,20.0,10.0,0.4257765830346475,0.5263157894736842,0.8257575757575758,0.3846153846153846,0.8333333333333334,0.2831928133964538,/content/Reports/best_models/run_20260328_021550.pt,32,2,"(256, 256)",pct01,False,24,32,20,0.0005,0.0001,weighted_ce,True,1.0,2.0,8.0,True,1,10,mean,cuda,NVIDIA GeForce RTX 5070 Ti,8,2f0dce88c4a8
run_20260328_121012,topk16 robust_z 1e-02,,42,2026-03-28T12:10:12.099144,2026-03-28T12:11:11.485771,62.13,345,75,75,7226,1545,1574,306,39,20,20.0,12.0,0.8717320261437911,0.7777777777777778,0.8737373737373737,0.7777777777777778,0.7777777777777778,0.9076751470565796,/content/Reports/best_models/run_20260328_121012.pt,16,2,"(256, 256)",robust_z,False,24,32,20,0.01,0.0001,weighted_ce,True,1.0,2.0,8.0,True,1,10,mean,cuda,NVIDIA GeForce RTX 5070 Ti,8,2f0dce88c4a8
run_20260328_121112,topk16 robust_z 1e-04,,42,2026-03-28T12:11:12.800795,2026-03-28T12:11:51.121138,39.43,345,75,75,7226,1545,1574,306,39,20,13.0,3.0,0.8317571317571317,0.782608695652174,0.9621212121212122,0.6428571428571429,1.0,0.5843306183815002,/content/Reports/best_models/run_20260328_121112.pt,16,2,"(256, 256)",robust_z,False,24,32,20,0.0001,0.0001,weighted_ce,True,1.0,2.0,8.0,True,1,10,mean,cuda,NVIDIA GeForce RTX 5070 Ti,8,2f0dce88c4a8
run_20260328_121152,topk16 robust_z 3e-02,,42,2026-03-28T12:11:52.410494,2026-03-28T12:12:30.888965,41.23,345,75,75,7226,1545,1574,306,39,20,13.0,3.0,0.2246337528260059,0.3636363636363636,0.696969696969697,0.25,0.6666666666666666,0.9801889657974244,/content/Reports/best_models/run_20260328_121152.pt,16,2,"(256, 256)",robust_z,False,24,32,20,0.03,0.0001,weighted_ce,True,1.0,2.0,8.0,True,1,10,mean,cuda,NVIDIA GeForce RTX 5070 Ti,8,2f0dce88c4a8
run_20260328_121232,topk16 robust_z 3e-04,,42,2026-03-28T12:12:32.233118,2026-03-28T12:13:08.930914,37.78,345,75,75,7226,1545,1574,306,39,20,12.0,2.0,0.7673039436197331,0.6956521739130435,0.898989898989899,0.5714285714285714,0.8888888888888888,0.9287258386611938,/content/Reports/best_models/run_20260328_121232.pt,16,2,"(256, 256)",robust_z,False,24,32,20,0.0003,0.0001,weighted_ce,True,1.0,2.0,8.0,True,1,10,mean,cuda,NVIDIA GeForce RTX 5070 Ti,8,2f0dce88c4a8
run_20260328_121310,topk16 robust_z 5e-02,,42,2026-03-28T12:13:10.293544,2026-03-28T12:14:11.004321,63.4,345,75,75,7226,1545,1574,306,39,20,20.0,10.0,0.9436868686868688,0.8571428571428571,0.9772727272727272,0.75,1.0,0.9683470726013184,/content/Reports/best_models/run_20260328_121310.pt,16,2,"(256, 256)",robust_z,False,24,32,20,0.05,0.0001,weighted_ce,True,1.0,2.0,8.0,True,1,10,mean,cuda,NVIDIA GeForce RTX 5070 Ti,8,2f0dce88c4a8
run_20260328_121412,topk16 robust_z 5e-04,,42,2026-03-28T12:14:12.337980,2026-03-28T12:14:54.011733,44.41,345,75,75,7226,1545,1574,306,39,20,13.0,3.0,0.8910884866767221,0.7777777777777778,0.8737373737373737,0.7777777777777778,0.7777777777777778,0.8710548281669617,/content/Reports/best_models/run_20260328_121412.pt,16,2,"(256, 256)",robust_z,False,24,32,20,0.0005,0.0001,weighted_ce,True,1.0,2.0,8.0,True,1,10,mean,cuda,NVIDIA GeForce RTX 5070 Ti,8,2f0dce88c4a8
run_20260328_121647,topk16 robust_z tumor 1e-02,,42,2026-03-28T12:16:47.915223,2026-03-28T12:17:50.843647,65.7,345,75,75,7226,1545,1574,306,39,20,20.0,12.0,0.8727072310405646,0.8421052631578947,0.9292929292929292,0.8,0.8888888888888888,0.8027194142341614,/content/Reports/best_models/run_20260328_121647.pt,16,2,"(256, 256)",robust_z,True,24,32,20,0.01,0.0001,weighted_ce,True,1.0,2.0,8.0,True,1,10,mean,cuda,NVIDIA GeForce RTX 5070 Ti,8,2f0dce88c4a8
run_20260328_121752,topk16 robust_z tumor 1e-04,,42,2026-03-28T12:17:52.222594,2026-03-28T12:18:33.272501,43.84,345,75,75,7226,1545,1574,306,39,20,13.0,3.0,0.8661696328362996,0.7619047619047619,0.914141414141414,0.6666666666666666,0.8888888888888888,0.774033784866333,/content/Reports/best_models/run_20260328_121752.pt,16,2,"(256, 256)",robust_z,True,24,32,20,0.0001,0.0001,weighted_ce,True,1.0,2.0,8.0,True,1,10,mean,cuda,NVIDIA GeForce RTX 5070 Ti,8,2f0dce88c4a8
run_20260328_121834,topk16 robust_z tumor 3e-02,,42,2026-03-28T12:18:34.633052,2026-03-28T12:19:29.525123,56.0,345,75,75,7226,1545,1574,306,39,20,17.0,7.0,0.9436868686868688,0.8571428571428571,0.9772727272727272,0.75,1.0,0.8489368557929993,/content/Reports/best_models/run_20260328_121834.pt,16,2,"(256, 256)",robust_z,True,24,32,20,0.03,0.0001,weighted_ce,True,1.0,2.0,8.0,True,1,10,mean,cuda,NVIDIA GeForce RTX 5070 Ti,8,2f0dce88c4a8
run_20260328_121929,topk16 robust_z tumor 3e-04,,42,2026-03-28T12:19:29.216966,2026-03-28T12:20:06.054570,37.97,345,75,75,7226,1545,1574,306,39,20,12.0,2.0,0.9479717813051148,0.8421052631578947,0.9292929292929292,0.8,0.8888888888888888,0.8355245590209961,/content/Reports/best_models/run_20260328_121929.pt,16,2,"(256, 256)",robust_z,True,24,32,20,0.0003,0.0001,weighted_ce,True,1.0,2.0,8.0,True,1,10,mean,cuda,NVIDIA GeForce RTX 5070 Ti,8,2f0dce88c4a8
run_20260328_122007,topk16 robust_z tumor 5e-02,,42,2026-03-28T12:20:07.423288,2026-03-28T12:21:10.265092,65.57,345,75,75,7226,1545,1574,306,39,20,20.0,20.0,0.3887342613813202,0.4615384615384615,0.75,0.3529411764705882,0.6666666666666666,0.8469890356063843,/content/Reports/best_models/run_20260328_122007.pt,16,2,"(256, 256)",robust_z,True,24,32,20,0.05,0.0001,weighted_ce,True,1.0,2.0,8.0,True,1,10,mean,cuda,NVIDIA GeForce RTX 5070 Ti,8,2f0dce88c4a8
run_20260328_122111,topk16 robust_z tumor 5e-04,,42,2026-03-28T12:21:11.731382,2026-03-28T12:21:49.230209,38.63,345,75,75,7226,1545,1574,306,39,20,12.0,2.0,0.8122414622414622,0.7058823529411765,0.8181818181818181,0.75,0.6666666666666666,0.7130842804908752,/content/Reports/best_models/run_20260328_122111.pt,16,2,"(256, 256)",robust_z,True,24,32,20,0.0005,0.0001,weighted_ce,True,1.0,2.0,8.0,True,1,10,mean,cuda,NVIDIA GeForce RTX 5070 Ti,8,2f0dce88c4a8
run_20260328_122334,topk24 robust_z 1e-02,,42,2026-03-28T12:23:34.768838,2026-03-28T12:24:42.184959,71.85,345,75,75,9945,2156,2170,306,39,20,20.0,13.0,0.8557710263592617,0.7058823529411765,0.8181818181818181,0.75,0.6666666666666666,0.9580202102661132,/content/Reports/best_models/run_20260328_122334.pt,24,2,"(224, 224)",robust_z,False,24,32,20,0.01,0.0001,weighted_ce,True,1.0,2.0,8.0,True,1,10,mean,cuda,NVIDIA GeForce RTX 5070 Ti,8,2f0dce88c4a8
run_20260328_122448,topk24 robust_z 1e-04,,42,2026-03-28T12:24:48.020196,2026-03-28T12:25:38.569998,51.64,345,75,75,9945,2156,2170,306,39,20,14.0,4.0,0.8011904761904762,0.7777777777777778,0.8737373737373737,0.7777777777777778,0.7777777777777778,0.6471964120864868,/content/Reports/best_models/run_20260328_122448.pt,24,2,"(224, 224)",robust_z,False,24,32,20,0.0001,0.0001,weighted_ce,True,1.0,2.0,8.0,True,1,10,mean,cuda,NVIDIA GeForce RTX 5070 Ti,8,2f0dce88c4a8
run_20260328_122538,topk24 robust_z 3e-02,,42,2026-03-28T12:25:38.605913,2026-03-28T12:26:34.990978,59.17,345,75,75,9945,2156,2170,306,39,20,17.0,7.0,0.7609533984533985,0.6923076923076923,0.9393939393939394,0.5294117647058824,1.0,0.8636720180511475,/content/Reports/best_models/run_20260328_122538.pt,24,2,"(224, 224)",robust_z,False,24,32,20,0.03,0.0001,weighted_ce,True,1.0,2.0,8.0,True,1,10,mean,cuda,NVIDIA GeForce RTX 5070 Ti,8,2f0dce88c4a8
run_20260328_122636,topk24 robust_z 3e-04,,42,2026-03-28T12:26:36.426542,2026-03-28T12:27:24.603358,49.3,345,75,75,9945,2156,2170,306,39,20,15.0,5.0,0.8554894179894181,0.7777777777777778,0.8737373737373737,0.7777777777777778,0.7777777777777778,0.7385752201080322,/content/Reports/best_models/run_20260328_122636.pt,24,2,"(224, 224)",robust_z,False,24,32,20,0.0003,0.0001,weighted_ce,True,1.0,2.0,8.0,True,1,10,mean,cuda,NVIDIA GeForce RTX 5070 Ti,8,2f0dce88c4a8
run_20260328_122728,topk24 robust_z 5e-02,,42,2026-03-28T12:27:28.368150,2026-03-28T12:28:34.244831,70.31,345,75,75,9945,2156,2170,306,39,20,20.0,10.0,0.2342184136446431,0.3333333333333333,0.6212121212121212,0.3333333333333333,0.3333333333333333,0.8838810920715332,/content/Reports/best_models/run_20260328_122728.pt,24,2,"(224, 224)",robust_z,False,24,32,20,0.05,0.0001,weighted_ce,True,1.0,2.0,8.0,True,1,10,mean,cuda,NVIDIA GeForce RTX 5070 Ti,8,2f0dce88c4a8
run_20260328_122840,topk24 robust_z 5e-04,,42,2026-03-28T12:28:40.124344,2026-03-28T12:29:47.892932,70.51,345,75,75,9945,2156,2170,306,39,20,20.0,10.0,0.8442113442113444,0.75,0.8257575757575757,0.8571428571428571,0.6666666666666666,0.7663915753364563,/content/Reports/best_models/run_20260328_122840.pt,24,2,"(224, 224)",robust_z,False,24,32,20,0.0005,0.0001,weighted_ce,True,1.0,2.0,8.0,True,1,10,mean,cuda,NVIDIA GeForce RTX 5070 Ti,8,2f0dce88c4a8
run_20260328_123142,topk24 robust_z tumor 1e-02,,42,2026-03-28T12:31:42.778856,2026-03-28T12:32:36.382789,56.41,345,75,75,9945,2156,2170,306,39,20,17.0,7.0,0.9467813051146384,0.9,0.9848484848484848,0.8181818181818182,1.0,0.9233076572418212,/content/Reports/best_models/run_20260328_123142.pt,24,2,"(224, 224)",robust_z,True,24,32,20,0.01,0.0001,weighted_ce,True,1.0,2.0,8.0,True,1,10,mean,cuda,NVIDIA GeForce RTX 5070 Ti,8,2f0dce88c4a8
run_20260328_123237,topk24 robust_z tumor 1e-04,,42,2026-03-28T12:32:37.877564,2026-03-28T12:33:40.952349,65.86,345,75,75,9945,2156,2170,306,39,20,20.0,11.0,0.8395009855794171,0.7368421052631579,0.8661616161616161,0.7,0.7777777777777778,0.3333802819252014,/content/Reports/best_models/run_20260328_123237.pt,24,2,"(224, 224)",robust_z,True,24,32,20,0.0001,0.0001,weighted_ce,True,1.0,2.0,8.0,True,1,10,mean,cuda,NVIDIA GeForce RTX 5070 Ti,8,2f0dce88c4a8
run_20260328_123340,topk24 robust_z tumor 3e-02,,42,2026-03-28T12:33:40.754876,2026-03-28T12:34:44.268947,66.33,345,75,75,9945,2156,2170,306,39,20,20.0,15.0,1.0000000000000002,0.9473684210526316,0.9924242424242424,0.9,1.0,0.9678139686584472,/content/Reports/best_models/run_20260328_123340.pt,24,2,"(224, 224)",robust_z,True,24,32,20,0.03,0.0001,weighted_ce,True,1.0,2.0,8.0,True,1,10,mean,cuda,NVIDIA GeForce RTX 5070 Ti,8,2f0dce88c4a8
run_20260328_123445,topk24 robust_z tumor 3e-04,,42,2026-03-28T12:34:45.724395,2026-03-28T12:35:33.753774,49.91,345,75,75,9945,2156,2170,306,39,20,15.0,5.0,0.9017195767195768,0.8181818181818182,0.9696969696969696,0.6923076923076923,1.0,0.7003293037414551,/content/Reports/best_models/run_20260328_123445.pt,24,2,"(224, 224)",robust_z,True,24,32,20,0.0003,0.0001,weighted_ce,True,1.0,2.0,8.0,True,1,10,mean,cuda,NVIDIA GeForce RTX 5070 Ti,8,2f0dce88c4a8
run_20260328_123534,topk24 robust_z tumor 5e-02,,42,2026-03-28T12:35:34.280429,2026-03-28T12:36:22.873319,49.75,345,75,75,9945,2156,2170,306,39,20,15.0,5.0,0.9765432098765432,0.9,0.9848484848484848,0.8181818181818182,1.0,0.9489895701408386,/content/Reports/best_models/run_20260328_123534.pt,24,2,"(224, 224)",robust_z,True,24,32,20,0.05,0.0001,weighted_ce,True,1.0,2.0,8.0,True,1,10,mean,cuda,NVIDIA GeForce RTX 5070 Ti,8,2f0dce88c4a8
run_20260328_123624,topk24 robust_z tumor 5e-04,,42,2026-03-28T12:36:24.340502,2026-03-28T12:37:15.001459,53.5,345,75,75,9945,2156,2170,306,39,20,16.0,6.0,0.8566544566544567,0.75,0.8257575757575757,0.8571428571428571,0.6666666666666666,0.9558149576187134,/content/Reports/best_models/run_20260328_123624.pt,24,2,"(224, 224)",robust_z,True,24,32,20,0.0005,0.0001,weighted_ce,True,1.0,2.0,8.0,True,1,10,mean,cuda,NVIDIA GeForce RTX 5070 Ti,8,2f0dce88c4a8
run_20260328_123912,topk32 robust_z 1e-02,,42,2026-03-28T12:39:12.369661,2026-03-28T12:40:07.314735,57.69,345,75,75,12732,2773,2773,306,39,20,15.0,5.0,0.9300144300144302,0.8235294117647058,0.8813131313131313,0.875,0.7777777777777778,0.8953452110290527,/content/Reports/best_models/run_20260328_123912.pt,32,2,"(224, 224)",robust_z,False,24,32,20,0.01,0.0001,weighted_ce,True,1.0,2.0,8.0,True,1,10,mean,cuda,NVIDIA GeForce RTX 5070 Ti,8,2f0dce88c4a8
run_20260328_124009,topk32 robust_z 1e-04,,42,2026-03-28T12:40:09.238572,2026-03-28T12:41:13.339616,66.9,345,75,75,12732,2773,2773,306,39,20,17.0,7.0,0.8580747955747956,0.7272727272727273,0.9065656565656566,0.6153846153846154,0.8888888888888888,0.4603168964385986,/content/Reports/best_models/run_20260328_124009.pt,32,2,"(224, 224)",robust_z,False,24,32,20,0.0001,0.0001,weighted_ce,True,1.0,2.0,8.0,True,1,10,mean,cuda,NVIDIA GeForce RTX 5070 Ti,8,2f0dce88c4a8
run_20260328_124113,topk32 robust_z 3e-02,,42,2026-03-28T12:41:13.607984,2026-03-28T12:42:09.779330,57.31,345,75,75,12732,2773,2773,306,39,20,15.0,5.0,0.9534662867996202,0.8421052631578947,0.9292929292929292,0.8,0.8888888888888888,0.8693521022796631,/content/Reports/best_models/run_20260328_124113.pt,32,2,"(224, 224)",robust_z,False,24,32,20,0.03,0.0001,weighted_ce,True,1.0,2.0,8.0,True,1,10,mean,cuda,NVIDIA GeForce RTX 5070 Ti,8,2f0dce88c4a8
run_20260328_124210,topk32 robust_z 3e-04,,42,2026-03-28T12:42:10.008459,2026-03-28T12:43:06.070649,57.18,345,75,75,12732,2773,2773,306,39,20,15.0,5.0,0.7805555555555557,0.7,0.8585858585858586,0.6363636363636364,0.7777777777777778,0.6562783718109131,/content/Reports/best_models/run_20260328_124210.pt,32,2,"(224, 224)",robust_z,False,24,32,20,0.0003,0.0001,weighted_ce,True,1.0,2.0,8.0,True,1,10,mean,cuda,NVIDIA GeForce RTX 5070 Ti,8,2f0dce88c4a8
run_20260328_124306,topk32 robust_z 5e-02,,42,2026-03-28T12:43:06.337290,2026-03-28T12:44:19.188103,75.64,345,75,75,12732,2773,2773,306,39,20,20.0,16.0,0.965811965811966,0.8888888888888888,0.9368686868686869,0.8888888888888888,0.8888888888888888,0.9639890789985656,/content/Reports/best_models/run_20260328_124306.pt,32,2,"(224, 224)",robust_z,False,24,32,20,0.05,0.0001,weighted_ce,True,1.0,2.0,8.0,True,1,10,mean,cuda,NVIDIA GeForce RTX 5070 Ti,8,2f0dce88c4a8
run_20260328_124421,topk32 robust_z 5e-04,,42,2026-03-28T12:44:21.187010,2026-03-28T12:45:01.968306,43.55,345,75,75,12732,2773,2773,306,39,20,11.0,1.0,0.8409171075837745,0.8181818181818182,0.9696969696969697,0.6923076923076923,1.0,0.5823823809623718,/content/Reports/best_models/run_20260328_124421.pt,32,2,"(224, 224)",robust_z,False,24,32,20,0.0005,0.0001,weighted_ce,True,1.0,2.0,8.0,True,1,10,mean,cuda,NVIDIA GeForce RTX 5070 Ti,8,2f0dce88c4a8
